Subject,Loss,Accuracy
1,0.558617,0.848837
2,0.526903,0.894737
3,0.744776,0.719512
4,0.823901,0.636364
5,0.622062,0.833333
6,0.683430,0.806818
7,0.643131,0.767442
8,0.597231,0.833333
9,0.818073,0.693182
10,0.737399,0.757143
11,0.484913,0.922222
12,0.581446,0.825581
13,0.693871,0.784091
14,0.468390,0.922222
15,0.715416,0.761364
