Subject,Loss,Accuracy
1,0.660891,0.848837
2,0.562203,0.842105
3,0.876909,0.719512
4,3.276936,0.545455
